Fold,Validation Accuracy,Model,Validation Positive Parity,Training Accuracy,Validation Accuracy Parity,Validation Counterfactual Invariance,Validation Recall Parity,Validation TNR Parity
0,0.4436079339800203,Pareto,0.0,0.4422930766168434,0.1858437255383444,1.0,0.0,0.0
1,0.4405675401766324,Pareto,0.0,0.4430530925409865,0.179203442255914,1.0,0.0,0.0
2,0.4415810047777617,Pareto,0.0,0.4427997538996055,0.181836997895107,1.0,0.0,0.0
3,0.4475170117272332,Pareto,0.0,0.4413159132858021,0.1898319233716833,1.0,0.0,0.0
4,0.4395079594790159,Pareto,0.0,0.4433183726654119,0.1772399070909766,1.0,0.0,0.0
0,0.6125669610540032,Regularized_Selection_0.2,2.023033483925996,1.0,0.0353981583444049,0.5769509193571739,1.7878445693514184,0.3474027515991629
1,0.6198059939192124,Regularized_Selection_0.2,2.1739980759404056,1.0,0.0216636485709632,0.5569711886491965,1.8231838365122888,0.3626243910038056
2,0.6182134066888664,Regularized_Selection_0.2,1.9852620652183604,1.0,0.0421741617884228,0.5925872303460258,1.766652932060408,0.3443153655050062
3,0.6228463877226003,Regularized_Selection_0.2,2.151661400188998,1.0,0.041878921053842,0.5759374547560446,1.895975933418886,0.3788025304487294
4,0.6182344428364689,Regularized_Selection_0.2,2.1131794065948224,1.0,0.0161589274211716,0.5742402315484805,1.7678207434799726,0.34153337988672
0,0.6161864774866078,Regularized_Selection_0.5,2.000572782129197,1.0,0.035935472313728,0.5799913131605617,1.7598030821917807,0.3424464595793942
1,0.6171999420877371,Regularized_Selection_0.5,2.1335097099513285,1.0,0.032101607937118,0.55190386564355,1.8429547918967943,0.3650093632650643
2,0.6125669610540032,Regularized_Selection_0.5,1.9474637143450773,1.0,0.0464069672811875,0.5807152164470827,1.7688322370504488,0.3410417334703871
3,0.6269002461271174,Regularized_Selection_0.5,2.114753904587792,1.0,0.0289339372350718,0.5788330679021283,1.8010288320728176,0.3562077829370908
4,0.6176555716353112,Regularized_Selection_0.5,2.074942325037506,1.0,0.0187543432112633,0.5665701881331404,1.7511131450056896,0.3365643600571942
0,0.6086578833067902,Regularized_Selection_0.7,2.017790955462035,1.0,0.0391625794274289,0.5743448675256986,1.8104392123287671,0.3512195936419359
1,0.6134356449978283,Regularized_Selection_0.7,2.1065189514706595,1.0,0.0354458827248828,0.5600115824525843,1.8451582425564663,0.3650576331728359
2,0.6251628782394673,Regularized_Selection_0.7,2.004988679094863,1.0,0.0411819429668652,0.579412190531345,1.760617148331998,0.3449701668319903
3,0.6189373099753873,Regularized_Selection_0.7,2.138581510625308,1.0,0.0375337482526533,0.579412190531345,1.8789077065673263,0.3735117088150302
4,0.6099855282199711,Regularized_Selection_0.7,2.058214014877944,1.0,0.0207680860043091,0.5739507959479015,1.767493667564813,0.3371939391924096
0,0.5524829882727668,Decoupled_Classifier_0.2,1.2523695526139795,0.6886106185081973,0.053939055448731,1.0,1.1126575342465754,0.0488223333679633
1,0.5576950919357174,Decoupled_Classifier_0.2,1.2730060801556815,0.682494299880569,0.047365319071745,0.7566237150716665,1.143358469283312,0.0602320685520453
2,0.5743448675256986,Decoupled_Classifier_0.2,1.243718781229063,0.6899496941840686,0.0221509875256264,0.7796438395830317,1.1588637616929571,0.0704694341138006
3,0.5697118864919647,Decoupled_Classifier_0.2,1.2817587425573782,0.6865115269081828,0.0314432752586619,1.0,1.1876597711985786,0.0781059288668782
4,0.5509406657018814,Decoupled_Classifier_0.2,1.2606790215111638,0.684740118720139,0.0694310908877444,1.0,1.0818760628598356,0.0354348862213059
0,0.5546546981323295,Decoupled_Classifier_0.5,1.2384311588201853,0.6896239730737216,0.0393141720979234,1.0,1.1434993451559234,0.0601671143828195
1,0.5555233820761546,Decoupled_Classifier_0.5,1.1644582129956471,0.6379790814664689,0.0674348878273886,0.7540176632401911,1.014414270539186,0.0065350872862547
2,0.5740553062110902,Decoupled_Classifier_0.5,1.2371814945997386,0.6899496941840686,0.0211958776879952,0.7738526132908643,1.1559810160171038,0.0693632394235351
3,0.5688432025481396,Decoupled_Classifier_0.5,1.2975912815956911,0.6859686583909377,0.0367467113238982,1.0,1.1853680191457294,0.0773551098516132
4,0.5538350217076701,Decoupled_Classifier_0.5,1.2518436712788872,0.6889025626176343,0.0625374825081629,1.0,1.0880704868154158,0.0385007592635697
0,0.5563920660199797,Decoupled_Classifier_0.7,1.1781714927118316,0.6481488183561941,0.052980954607958,0.7606775734761836,1.0559435179670438,0.0250927588714584
1,0.5530621109019835,Decoupled_Classifier_0.7,1.1767898430878856,0.6420324997285657,0.0710018202654917,0.7621253800492255,1.0159193362224788,0.0072174482552073
2,0.5694223251773564,Decoupled_Classifier_0.7,1.2519058643052536,0.6503564836596576,0.0319564908077871,0.7747212972346894,1.1434386242552463,0.0641031019901764
3,0.573910525553786,Decoupled_Classifier_0.7,1.2922519806548094,0.6484021569975752,0.0300420844511284,0.7839872593021572,1.188478898258782,0.0803048098824383
4,0.549493487698987,Decoupled_Classifier_0.7,1.2284750014730343,0.6452511944404228,0.0721926989627061,0.7610709117221418,1.0517241379310345,0.0228942905596382
0,0.6083683219921818,RandomForestClassifier_0,1.9436198654914705,0.9998914262965508,0.0475121904144594,0.5765165773852613,1.7854294059372118,0.3412320604342599
1,0.6103952511944404,RandomForestClassifier_0,2.131804199969869,0.999855235062068,0.0378085822372116,0.5458230780367743,1.8933921758896168,0.3686559353885343
2,0.6225568264079919,RandomForestClassifier_0,1.976763679283296,0.999710470124136,0.0367567462446006,0.5854929781381207,1.7342340514846697,0.3321921759482631
3,0.6177790647169538,RandomForestClassifier_0,2.133969051502502,0.9998914262965508,0.0203657987040982,0.5616041696829304,1.814374592361132,0.3514387616542014
4,0.6117221418234443,RandomForestClassifier_0,2.072125342303897,0.9998190241783698,0.0088706619450604,0.5672937771345875,1.7339401748549168,0.3232545251000344
0,0.6148834515708701,RPT_RandomForestClassifier_0,1.9202676264400909,0.999855235062068,0.042137683261571,0.5911394237729839,1.708509137644588,0.3354479882455958
1,0.599826263211235,RPT_RandomForestClassifier_0,1.401933663781821,0.9998914262965508,0.025876209794467,0.6189373099753873,1.2799678873635605,0.1572381275225141
2,0.6009845084696684,RPT_RandomForestClassifier_0,1.3141636276058577,0.9998914262965508,0.0270440154222555,0.6374692341103229,1.2116891619499135,0.1229389491412662
3,0.6189373099753873,RPT_RandomForestClassifier_0,1.966916296182738,0.9997466613586188,0.0429186556988256,0.5750687708122195,1.745672428116958,0.3471092901968315
4,0.5978292329956585,RPT_RandomForestClassifier_0,1.409558831235524,0.999963804835674,0.0259376973285482,0.6164978292329957,1.2994396191714428,0.1613374122967446
0,0.6176342840596496,Massage_RandomForestClassifier_0,1.9999740054442348,0.999782852593102,0.0366901146927484,0.5811495584189952,1.7635228143852282,0.3399868653438014
1,0.6119878384247864,Massage_RandomForestClassifier_0,2.121982659891973,0.9999638087655168,0.0306401231045925,0.5621832923121471,1.850142100805844,0.3590096331377304
2,0.617923845374258,Massage_RandomForestClassifier_0,1.9805845922260763,0.9998190438275848,0.0335347140653565,0.581004777761691,1.7385124146609643,0.3308600972762063
3,0.6228463877226003,Massage_RandomForestClassifier_0,2.103207046181742,0.9998914262965508,0.027070425576868,0.5694223251773564,1.806392302029583,0.347994049287684
4,0.6047756874095513,Massage_RandomForestClassifier_0,2.065000370168149,0.999891414507022,0.0242561407850939,0.5743849493487699,1.807776402096889,0.3398840598986909
0,0.6128565223686115,RandomForestClassifier_1,1.983482918367081,1.0,0.0364935912049683,0.5705805704357898,1.7588095790905172,0.339532346873655
1,0.6154625742000869,RandomForestClassifier_1,2.118456920613956,0.9999638087655168,0.0268762092064626,0.5507456203851165,1.816304413269913,0.3569691324910234
2,0.6118430577674823,RandomForestClassifier_1,1.981615546436733,1.0,0.0529066951155646,0.5827421456493412,1.8242491272042909,0.3565059831160152
3,0.6173447227450413,RandomForestClassifier_1,2.099143793822668,1.0,0.0399268238869411,0.5736209642391776,1.8590043291181624,0.3697576137387051
4,0.6130246020260492,RandomForestClassifier_1,2.1073418944219084,1.0,0.0319805122688776,0.5648335745296672,1.8393701073338764,0.3586816524235471
0,0.6118430577674823,RPT_RandomForestClassifier_1,1.9705262173597964,0.9999638087655168,0.0451405269916024,0.5824525843347329,1.77623040105628,0.3490093352528235
1,0.6135804256551325,RPT_RandomForestClassifier_1,2.0408401812416006,1.0,0.0376863753314139,0.555812943390763,1.7939684164351517,0.3574134350511935
2,0.623425510351817,RPT_RandomForestClassifier_1,1.964945903752484,1.0,0.0407446721322047,0.5869407847111626,1.723688372741579,0.3402296000167821
3,0.6245837556102505,RPT_RandomForestClassifier_1,2.082068128593178,1.0,0.035657957415026,0.5799913131605617,1.7983465380640715,0.3628847900291235
4,0.6180897250361794,RPT_RandomForestClassifier_1,1.952511390305006,1.0,0.0262292279475927,0.5780028943560058,1.6761897688926433,0.3229452776022788
0,0.6098161285652237,Massage_RandomForestClassifier_1,2.0317318967865257,1.0,0.0475921868043659,0.5746344288403069,1.8523380041130744,0.3629131480134759
1,0.6202403358911249,Massage_RandomForestClassifier_1,2.14002637893355,1.0,0.0263544533392081,0.5626176342840596,1.8162132950812733,0.359553766643519
2,0.6182134066888664,Massage_RandomForestClassifier_1,2.05138636622588,1.0,0.0414888362483729,0.5760822354133488,1.8196826422755144,0.3572510631156556
3,0.619516432604604,Massage_RandomForestClassifier_1,2.1055137673383144,1.0,0.038376918573058,0.5828869263066454,1.85048034600222,0.3688830416395171
4,0.6140376266280753,Massage_RandomForestClassifier_1,2.113530350847199,1.0,0.0327488045261418,0.5701881331403763,1.8456462453787472,0.3595151797293253
0,0.6138699869697408,RandomForestClassifier_2,2.018744142455483,1.0,0.0399902832223835,0.5728970609526567,1.792233009708738,0.3536294691224269
1,0.6208194585203417,RandomForestClassifier_2,2.1832514390884707,1.0,0.0346395327482166,0.5442304908064283,1.8767534179427072,0.3787048525518874
2,0.6206746778630375,RandomForestClassifier_2,2.0387862343019663,1.0,0.0402236580290049,0.5859273201100333,1.794237092446677,0.3540680843539943
3,0.6198059939192124,RandomForestClassifier_2,2.085169583182505,1.0,0.0313942559947733,0.5807152164470827,1.80605246194616,0.3566760072576656
4,0.6192474674384949,RandomForestClassifier_2,2.101437411092073,1.0,0.0265199652860411,0.5793053545586108,1.7933538677284453,0.3511566299781642
0,0.6164760388012162,RPT_RandomForestClassifier_2,1.986536895511252,1.0,0.0404041351198607,0.581728681048212,1.7564196174722149,0.3474777007673013
1,0.6174895034023454,RPT_RandomForestClassifier_2,2.1098831867339185,1.0,0.0223678817907398,0.5545099174750253,1.781245236176746,0.3541980009675922
2,0.619516432604604,RPT_RandomForestClassifier_2,2.0141159738322494,1.0,0.0467853995397296,0.5876646879976835,1.7996466087516303,0.3573641924067021
3,0.6276241494136383,RPT_RandomForestClassifier_2,2.060128783847037,1.0,0.0380652613048363,0.5834660489358622,1.7814305398356385,0.3594751661894502
4,0.6170767004341534,RPT_RandomForestClassifier_2,2.0252707227546445,1.0,0.0288869162644734,0.5778581765557164,1.7469391626658106,0.3404083397067137
0,0.6116982771101781,Massage_RandomForestClassifier_2,1.9836889720619664,1.0,0.0435808415776498,0.5760822354133488,1.7855562980287336,0.3489470012912035
1,0.6177790647169538,Massage_RandomForestClassifier_2,2.1637808465851447,1.0,0.0275257580209183,0.5490082524974663,1.8428311959379453,0.3685692689632172
2,0.6196612132619083,Massage_RandomForestClassifier_2,2.0047420588846383,1.0,0.0387692636803658,0.5905603011437672,1.764745722196769,0.3451507241773028
3,0.6219777037787751,Massage_RandomForestClassifier_2,2.18566765958035,1.0,0.0493646401732651,0.5821630230201245,1.957088203824636,0.3952050962123633
4,0.6128798842257598,Massage_RandomForestClassifier_2,2.135567904407041,1.0,0.0249209099245749,0.5701881331403763,1.8302062204192024,0.3593023642469989
0,0.6337049370204141,XGBClassifier_3,2.402555567756326,0.7266476059498389,0.0559959101235187,0.6073548573910525,2.065631602262659,0.464121239555351
1,0.6425365571159694,XGBClassifier_3,2.761969981045659,0.7196988889291014,0.059343555854436,0.5600115824525843,2.3141184574923512,0.5169147630221789
2,0.6439843636890111,XGBClassifier_3,2.594891810869372,0.7211465383084217,0.059282891706658,0.5824525843347329,2.1947500081928712,0.4916449148758275
3,0.6442739250036195,XGBClassifier_3,2.5865315690743595,0.7196626976946183,0.0468247991087265,0.5894020558853337,2.138451422379148,0.478822942161657
4,0.6373371924746744,XGBClassifier_3,2.5919059040865275,0.7180758650644274,0.0579566837063338,0.5927641099855282,2.208787895400471,0.4887994768286059
0,0.597509772694368,RPT_XGBClassifier_3,1.00778925120307,0.7185407694256452,0.0681635661472469,0.7909367308527581,1.0086142480508675,0.0058942697279567
1,0.616331258143912,RPT_XGBClassifier_3,1.0439102371960116,0.704715717853136,0.0267813445033254,0.7915158534819748,1.0281204326220403,0.0195240806502394
2,0.6232807296945128,RPT_XGBClassifier_3,1.0120596004867768,0.7105425066049003,0.0665792720328638,0.797162299116838,1.0016088656939512,0.0011354135137807
3,0.6056174895034023,RPT_XGBClassifier_3,1.0024550389771054,0.7084796062393688,0.045738481544978,0.8010713768640509,1.0460560212949912,0.0316347593738244
4,0.6099855282199711,RPT_XGBClassifier_3,1.0199463638520947,0.7080136093817866,0.0331016160712303,0.7972503617945007,1.0314665970346557,0.0213713297642403
0,0.6337049370204141,Massage_XGBClassifier_3,2.402555567756326,0.7266476059498389,0.0559959101235187,0.6073548573910525,2.065631602262659,0.464121239555351
1,0.6425365571159694,Massage_XGBClassifier_3,2.761969981045659,0.7196988889291014,0.059343555854436,0.5600115824525843,2.3141184574923512,0.5169147630221789
2,0.6439843636890111,Massage_XGBClassifier_3,2.594891810869372,0.7211465383084217,0.059282891706658,0.5824525843347329,2.1947500081928712,0.4916449148758275
3,0.6442739250036195,Massage_XGBClassifier_3,2.5865315690743595,0.7196626976946183,0.0468247991087265,0.5894020558853337,2.138451422379148,0.478822942161657
4,0.6373371924746744,Massage_XGBClassifier_3,2.5919059040865275,0.7180758650644274,0.0579566837063338,0.5927641099855282,2.208787895400471,0.4887994768286059
0,0.6287823946720719,XGBClassifier_4,2.2676983939241,0.766494155115631,0.0549143472108999,0.6387722600260605,1.980453367439669,0.432334258448478
1,0.6387722600260605,XGBClassifier_4,2.4416255400637144,0.7718866490535993,0.0511806833512249,0.6134356449978283,2.0622736026854427,0.4520070956764424
2,0.6403648472564065,XGBClassifier_4,2.353676515774472,0.7681951431363324,0.0609418815763023,0.6374692341103229,2.042977283135268,0.4453420700112979
3,0.6371796727957145,XGBClassifier_4,2.3902537176145944,0.7649017407983786,0.0472657775761133,0.6253076588967714,2.0290208229347546,0.4418139787408803
4,0.6309696092619392,XGBClassifier_4,2.3746327717133364,0.761835818734617,0.0659503739524729,0.6263386396526773,2.1147268188961816,0.4544186922931976
0,0.5995367018966266,RPT_XGBClassifier_4,1.058761461622477,0.7642864898121675,0.0522189865522064,0.8185898363978572,1.0279499634850733,0.018744341708841
1,0.6166208194585203,RPT_XGBClassifier_4,1.078282417801404,0.7668560674604611,0.0339698937848527,0.8062834805270016,1.0109651616816406,0.0076156749943226
2,0.6145938902562618,RPT_XGBClassifier_4,1.0347845953171433,0.7652274619087257,0.0561690113789639,0.8245258433473288,1.015245402008516,0.0102872734791976
3,0.6051831475314898,RPT_XGBClassifier_4,1.0412783145708946,0.7612102348811118,0.0464523306662175,0.8253945272911539,1.000963857017939,0.0006587587942978
4,0.6088277858176556,RPT_XGBClassifier_4,1.0383462640597283,0.7583610829593166,0.0321256826179529,0.8175108538350218,1.0113655696411612,0.0076269965306642
0,0.6287823946720719,Massage_XGBClassifier_4,2.2676983939241,0.766494155115631,0.0549143472108999,0.6387722600260605,1.980453367439669,0.432334258448478
1,0.6387722600260605,Massage_XGBClassifier_4,2.4416255400637144,0.7718866490535993,0.0511806833512249,0.6134356449978283,2.0622736026854427,0.4520070956764424
2,0.6403648472564065,Massage_XGBClassifier_4,2.353676515774472,0.7681951431363324,0.0609418815763023,0.6374692341103229,2.042977283135268,0.4453420700112979
3,0.6371796727957145,Massage_XGBClassifier_4,2.3902537176145944,0.7649017407983786,0.0472657775761133,0.6253076588967714,2.0290208229347546,0.4418139787408803
4,0.6309696092619392,Massage_XGBClassifier_4,2.3746327717133364,0.761835818734617,0.0659503739524729,0.6263386396526773,2.1147268188961816,0.4544186922931976
0,0.619516432604604,XGBClassifier_5,2.1005774946098144,0.8312764648402157,0.0542674411176755,0.6769943535543651,1.880502670071976,0.3939844016681755
1,0.6331258143911973,XGBClassifier_5,2.228028794565533,0.8354384568057617,0.0341981374765949,0.6555668162733459,1.8630496672882475,0.389436130684193
2,0.6300854205878095,XGBClassifier_5,2.1058836071155453,0.8332669827367811,0.054414073949275,0.6822064572173158,1.861597459294716,0.3879094755895459
3,0.6338497176777182,XGBClassifier_5,2.23047976391231,0.8277659150953639,0.0451100019568724,0.6684522947734183,1.917524845630613,0.403992319762877
4,0.6260492040520984,XGBClassifier_5,2.241128320526386,0.82543072245548,0.0472422393359288,0.667438494934877,1.9509190041657367,0.4063489952227357
0,0.5970754307224555,RPT_XGBClassifier_5,1.0693438108573377,0.8341355723643733,0.0506662361122262,0.8306066309541046,1.0432747501543669,0.028084046958251
1,0.6141595482843493,RPT_XGBClassifier_5,1.1394655987155395,0.8375375484057761,0.0209264871071225,0.8335022441001882,1.048954668634716,0.0321642142262389
2,0.610829593166353,RPT_XGBClassifier_5,1.060487222106794,0.8336650863160943,0.0432283942863277,0.8353843926451426,1.0229950973969066,0.0151859216216296
3,0.6059070508180107,RPT_XGBClassifier_5,1.0531829851952252,0.8320364807643589,0.0549105413052104,0.8395830317069639,1.0308975223863317,0.0203388948019554
4,0.596671490593343,RPT_XGBClassifier_5,1.0616697963310704,0.8239829158824381,0.0290729405642445,0.8324167872648336,1.0151716561573405,0.009766235493632
0,0.619516432604604,Massage_XGBClassifier_5,2.1005774946098144,0.8312764648402157,0.0542674411176755,0.6769943535543651,1.880502670071976,0.3939844016681755
1,0.6331258143911973,Massage_XGBClassifier_5,2.228028794565533,0.8354384568057617,0.0341981374765949,0.6555668162733459,1.8630496672882475,0.389436130684193
2,0.6300854205878095,Massage_XGBClassifier_5,2.1058836071155453,0.8332669827367811,0.054414073949275,0.6822064572173158,1.861597459294716,0.3879094755895459
3,0.6338497176777182,Massage_XGBClassifier_5,2.23047976391231,0.8277659150953639,0.0451100019568724,0.6684522947734183,1.917524845630613,0.403992319762877
4,0.6260492040520984,Massage_XGBClassifier_5,2.241128320526386,0.82543072245548,0.0472422393359288,0.667438494934877,1.9509190041657367,0.4063489952227357
0,0.570725351093094,GaussianNB_6,1.0066725265643164,0.5712786363142847,0.1749643141867492,0.9998552193426958,1.0464416549473063,0.0396993128422802
1,0.5733314029245693,GaussianNB_6,1.0089465116387244,0.5712786363142847,0.1661784597147433,0.9998552193426958,1.0209576353695984,0.0184193579882858
2,0.573910525553786,GaussianNB_6,1.0160674048462333,0.5735224928522312,0.1924179201863148,0.9995656580280876,1.042716478988184,0.0369988971767124
3,0.5642102215144057,GaussianNB_6,1.0069303110964656,0.5737758314936122,0.1914245134521334,0.9997104386853916,1.0459400164259312,0.0395496746010755
4,0.5767004341534009,GaussianNB_6,1.0115994902979355,0.5696756913276386,0.1936437598961753,0.9995658465991316,1.0579426402626462,0.0491404249659163
0,0.5686984218908354,RPT_GaussianNB_6,1.0397613597741089,0.5704462379211754,0.1699948681192604,0.9617779064716954,1.004237973701353,0.0037125810712536
1,0.565223686115535,RPT_GaussianNB_6,1.1425546702809986,0.5680938076797799,0.1551054556416372,0.888374113218474,1.1044969745267197,0.0865995056722627
2,0.5730418416099609,RPT_GaussianNB_6,1.058260640170907,0.5723643733487749,0.1952832496992088,0.9632257130447373,1.0072271278505631,0.0063637099215136
3,0.5618937309975387,RPT_GaussianNB_6,1.0515133314038267,0.5717129311280807,0.1914173993243723,0.9648183002750832,1.003897421448102,0.0034235837912134
4,0.5762662807525326,RPT_GaussianNB_6,1.0578757490012325,0.5684812509048791,0.1916504440784776,0.9578871201157744,1.01154224469202,0.0100411221583036
0,0.570725351093094,Massage_GaussianNB_6,1.007165389490419,0.5712424450798017,0.1749643141867492,0.9997104386853916,1.046842283452263,0.0400417785957047
1,0.5733314029245693,Massage_GaussianNB_6,1.010518812537492,0.5713148275487677,0.1675322417489758,1.0,1.0209576353695984,0.0184193579882858
2,0.573910525553786,Massage_GaussianNB_6,1.0163762691090978,0.5734139191487821,0.1931032457263646,0.9998552193426958,1.0431074487965784,0.0373375358492488
3,0.5640654408571015,Massage_GaussianNB_6,1.007752790999134,0.5736310665556802,0.1912137208720323,1.0,1.0446109948040432,0.0384543843491588
4,0.5772793053545586,Massage_GaussianNB_6,1.0117341401803783,0.5697480816562908,0.1944743246802285,0.9997105643994212,1.0581735023925694,0.0493997938350014
0,0.57231793832344,MLPClassifier_7,1.228810817405018,0.5772139987694981,0.06123953185214,0.97784855943246,1.2495766258404708,0.1327650306475311
1,0.581728681048212,MLPClassifier_7,1.048094262360063,0.5832941261626434,0.1269042766144982,0.9959461415954828,1.069187985701738,0.0533185013071271
2,0.4703923555812943,MLPClassifier_7,1.2792633984712456,0.4793167094929608,0.1165042503677659,0.9913131605617488,1.3126826955638335,0.0432359921963265
3,0.5608802663964094,MLPClassifier_7,1.036795611980087,0.5680938076797799,0.1865762841098062,0.9965252642246996,1.052186780865336,0.0482999231448072
4,0.5850940665701881,MLPClassifier_7,1.0274836378207506,0.5834660489358622,0.1570380251120905,0.9949348769898696,1.0933854307120496,0.0706259213691129
0,0.5807152164470827,RPT_MLPClassifier_7,1.0155309181914938,0.5801816799971047,0.1570984537742961,0.9998552193426958,1.0637842465753429,0.0503087015242138
1,0.5167221659186333,RPT_MLPClassifier_7,1.394957704794929,0.5124678802793964,0.0343169143569692,0.9994208773707832,1.4566386898669397,0.1223576339407662
2,0.4800926596206746,RPT_MLPClassifier_7,1.5920220724364993,0.4848539683688611,0.1080662230654759,0.9966700448820036,1.9092804819363005,0.0764439343220783
3,0.5621832923121471,RPT_MLPClassifier_7,1.406193754864444,0.5619412978176686,0.0457733700071492,0.9949326769943536,1.4906544481617976,0.1961542974578928
4,0.4978292329956584,RPT_MLPClassifier_7,1.2665662721977622,0.5022441001882149,0.0901345245234763,0.992040520984081,1.088879368632114,0.033803300856804
0,0.4711162588678153,Massage_MLPClassifier_7,1.2103325419574464,0.4690745901342695,0.0966198155453204,0.9911683799044448,1.1314225918677971,0.0358813576930497
1,0.5882438106269002,Massage_MLPClassifier_7,1.3896785596448122,0.5872389707212913,0.0686570548860907,0.9609092225278704,1.3753525474695556,0.200751255291863
2,0.558998117851455,Massage_MLPClassifier_7,1.0170980468332194,0.5606022221417972,0.1675909184989475,0.9989865353988708,1.0093244657610194,0.0090975429217025
3,0.5543651368177211,Massage_MLPClassifier_7,1.0204800278053114,0.5583583656038508,0.0680462422202627,0.97958592732011,1.038020343436038,0.0241114773816714
4,0.529232995658466,Massage_MLPClassifier_7,1.3174983989112596,0.5312002316490517,0.0046498142136843,0.9742402315484804,1.2286931199888569,0.1164710316008822
0,0.456782973794701,MLPClassifier_8,1.054455911501877,0.4620172994100829,0.1370134993663778,0.9971043868539164,1.0898009616743425,0.0183907448908413
1,0.57231793832344,MLPClassifier_8,1.3272074519167312,0.5750063334660346,0.0320390834736866,0.9846532503257563,1.3075443725874485,0.1470147804651683
2,0.5526277689300709,MLPClassifier_8,1.4396018531078878,0.5643661105280301,0.0487969247566733,0.990444476617924,1.4434849682055912,0.211930869761964
3,0.4887794990589257,MLPClassifier_8,1.3861985865453053,0.4953494263689334,0.1250442440274461,0.998407412769654,1.1308697532266694,0.0404219829243381
4,0.5953690303907381,MLPClassifier_8,1.0816092246905442,0.5974735775300419,0.1121684880389152,0.9872648335745297,1.0736099261527683,0.0577616688280738
0,0.5818734617055161,RPT_MLPClassifier_8,1.0412692253830689,0.5914009626868373,0.1385422215866791,0.9833502244100188,1.0791640499273856,0.0598662046038083
1,0.5841899522223831,RPT_MLPClassifier_8,1.0028943731415814,0.5952372335420362,0.1453628114291583,0.9888518893875778,1.0186284544524054,0.0159729512989541
2,0.418995222238309,RPT_MLPClassifier_8,1.0672903949171546,0.4296261445477905,0.1635351248439488,0.9973939481685248,1.4069594975307411,0.0735917276266223
3,0.4712610395251194,RPT_MLPClassifier_8,1.1703324052894328,0.4644783033549274,0.0973741851887368,0.9642391776458664,1.0123313069009707,0.0048757960473717
4,0.5544138929088278,RPT_MLPClassifier_8,1.0214160020505338,0.5611698277110178,0.014349851021904,0.9613603473227208,1.020918371605773,0.0111107416397876
0,0.4405675401766324,Massage_MLPClassifier_8,1.058992848586315,0.44489884549962,0.1261706187227496,0.9933400897640076,1.2630924847363156,0.0728910342985203
1,0.4450557405530621,Massage_MLPClassifier_8,1.155145991390737,0.4484817777134378,0.1158401906074927,0.9982626321123498,1.1961785802621816,0.0348047975900151
2,0.57231793832344,Massage_MLPClassifier_8,1.025932807612493,0.5701567080453114,0.1428449810893015,0.9955117996235704,1.0226023301222702,0.0176268171860624
3,0.576227016070653,Massage_MLPClassifier_8,1.292910738048172,0.5899533133075169,0.1012221486770841,0.978717243376285,1.364760732519485,0.1965632863084191
4,0.4489146164978292,Massage_MLPClassifier_8,1.1946038457666364,0.4562762414941363,0.1603172487759679,0.994356005788712,1.1254369686245738,0.006443210410224
0,0.5630519762559723,MLPClassifier_9,1.0712807548185848,0.5713148275487677,0.1496458963219438,0.9998552193426958,1.0645394193667963,0.0568478309265497
1,0.6002606051831475,MLPClassifier_9,1.5067609778088151,0.5988563569903369,0.0380128157509903,0.9956565802808744,1.406645477562894,0.2070274403455247
2,0.5773852613290864,MLPClassifier_9,1.2888957747436027,0.5852122615902429,0.0521154006053725,0.9997104386853916,1.1861313132492646,0.1313625861206092
3,0.5941798175763718,MLPClassifier_9,1.2599713173336071,0.6034164525351959,0.0984165510864539,0.9986969740842624,1.2652070708785956,0.1649919126605064
4,0.5626628075253256,MLPClassifier_9,1.030397176826869,0.5622556826407992,0.1550022687825047,1.0,1.0148276548110984,0.0143739123687914
0,0.5782539452729115,RPT_MLPClassifier_9,1.0765977240997782,0.5847055843074808,0.1083204840963465,0.8562328072969452,1.030043908271182,0.0212673830125113
1,0.5594324598233676,RPT_MLPClassifier_9,1.0001624894840278,0.5573088198038435,0.1785265512387977,1.0,1.00068282690338,0.0006823609689525
2,0.5106413783118575,RPT_MLPClassifier_9,2.598654756499183,0.506279179182802,0.1057341119472869,0.3350224410018821,2.269662160772674,0.5550741109236446
3,0.5686984218908354,RPT_MLPClassifier_9,1.483623575355356,0.5698309869349644,0.1245897194811715,0.6086578833067902,1.4033085124147044,0.2688260322157951
4,0.573082489146165,RPT_MLPClassifier_9,1.3740803319518828,0.5773128710004344,0.1418593941874744,0.67178002894356,1.2972995914902647,0.2173965572662077
0,0.5857825394527291,Massage_MLPClassifier_9,1.846157892181456,0.5893380623213058,0.0275090882345528,0.997683509483133,1.819353219401187,0.2725259353804598
1,0.559722021137976,Massage_MLPClassifier_9,1.000639398522524,0.5589736165900618,0.1775924083149304,1.0,1.0001452768514545,0.0001448097233146
2,0.6021427537281019,Massage_MLPClassifier_9,1.246633349715019,0.5966125004523904,0.0773642937356661,0.9991313160561748,1.22342801156433,0.1389010425875591
3,0.5521934269581584,Massage_MLPClassifier_9,1.0036297166680674,0.5610365169555933,0.189410338211481,1.0,1.00536461614295,0.0053176096488166
4,0.5622286541244573,Massage_MLPClassifier_9,1.0213754054822175,0.5616041696829304,0.1619165024575832,1.0,1.0099748370279682,0.0097895121870115
0,0.5776748226436949,MLPClassifier_10,1.027443051358025,0.5803988274040027,0.1614505894825552,0.9981178514550456,1.0830026328843438,0.0645675952448092
1,0.5340958447951354,MLPClassifier_10,2.560033672246687,0.5380188918244001,0.064643631138594,0.9487476473143188,2.312377540576108,0.1969269621443248
2,0.4240625452439554,MLPClassifier_10,1.0069290262001145,0.4291918497339944,0.1720256405218991,0.9979730707977414,1.3643600952482495,0.0614464366520922
3,0.4967424352106558,MLPClassifier_10,1.3147705631796245,0.5030943505482972,0.0414275150293258,0.9750977269436804,1.610251464002756,0.116970433954526
4,0.4264833574529667,MLPClassifier_10,1.0323816644951171,0.4285507456203851,0.1787977118614488,0.9972503617945008,1.465171602876521,0.0756414945853977
0,0.5949037208628927,RPT_MLPClassifier_10,1.1033641454411391,0.6005573450110383,0.1223960393679913,0.994498335022441,1.0880173909832735,0.0707572092194896
1,0.5775300419863906,RPT_MLPClassifier_10,1.039257292028348,0.5785892656798524,0.1424800220619235,0.9995656580280876,1.0901480096744491,0.0673452976882005
2,0.5862168814246417,RPT_MLPClassifier_10,1.0932416251711738,0.5889399587419927,0.1305806603454389,0.9947878963370492,1.1327259471022315,0.0949930174503804
3,0.4509917475025337,RPT_MLPClassifier_10,1.0122692841139445,0.4510513553617314,0.1766955402799964,0.9947878963370492,1.3523479418248368,0.0479426238445782
4,0.5769898697539797,RPT_MLPClassifier_10,1.013814716988919,0.5823078036774287,0.1693919821543597,0.9988422575976844,1.0937682147769927,0.0713253305844666
0,0.4252207905023888,Massage_MLPClassifier_10,1.0342131902443694,0.4304223517064167,0.161965242691856,0.9969596061966122,1.3278540458642347,0.0580481307232223
1,0.5727522802953525,Massage_MLPClassifier_10,1.166047705081832,0.5744996561832724,0.1226950474156914,0.9782829014043724,1.1329459312253818,0.1108595225009078
2,0.5812943390762995,Massage_MLPClassifier_10,1.0374152390306557,0.5830769787557454,0.1639506660864171,0.9975387288258288,1.1053679659663198,0.0799584343505479
3,0.4868973505139713,Massage_MLPClassifier_10,1.4992952678271674,0.4932865260034019,0.1304770012918476,0.9923266251628784,1.2406171273638742,0.0571893939079525
4,0.5622286541244573,Massage_MLPClassifier_10,1.0504435662534128,0.566019979730708,0.1393050306682278,0.9984081041968162,1.030370817928541,0.0280805595273722
